{
    "loss": 0.3539794087409973,
    "accuracy": 0.970588207244873
}