{
    "loss": 0.18707017600536346,
    "accuracy": 0.9852941036224365
}